title,subtitle,color,supplier_color,size,supplier,supplier_order_id,order_date,cost,supplier_shipping_cost,status
Naked & Famous,Work Shirt,Green,Green Rinsed Oxford,XL,Naked & Famous,52130049-1,43881,58,2.192142857,available
Naked & Famous,Work Shirt,Green,Green Rinsed Oxford,L,Naked & Famous,52130049-1,43881,58,2.192142857,available
Naked & Famous,Work Shirt,Green,Green Rinsed Oxford,M,Naked & Famous,52130049-1,43881,58,2.192142857,available
Naked & Famous,Work Shirt,Green,Green Rinsed Oxford,S,Naked & Famous,52130049-1,43881,58,2.192142857,available
Naked & Famous,Hunter Heavyweight Terry,Green,Hunter Green,XL,Naked & Famous,52130049-1,43881,54,2.192142857,available
Naked & Famous,Hunter Heavyweight Terry,Green,Hunter Green,L,Naked & Famous,52130049-1,43881,54,2.192142857,available
Naked & Famous,Hunter Heavyweight Terry,Green,Hunter Green,M,Naked & Famous,52130049-1,43881,54,2.192142857,available
Naked & Famous,Denim Jacket,Denim,Natural Indigo Selvidge,M,Naked & Famous,52130049-1,43881,94,2.192142857,available
Naked & Famous,Denim Jacket,Denim,Natural Indigo Selvidge,L,Naked & Famous,52130049-1,43881,94,2.192142857,available
Naked & Famous,Denim Jacket,Denim,Solid Black Selvedge,M,Naked & Famous,52130049-1,43881,84,2.192142857,available
Naked & Famous,Denim Jacket,Denim,Solid Black Selvedge,L,Naked & Famous,52130049-1,43881,84,2.192142857,available
Naked & Famous,Denim Jacket,Denim,Solid Black Selvedge,M,Naked & Famous,52130049-1,43881,84,2.192142857,available
Naked & Famous,Denim Jacket,Denim,Solid Black Selvedge,L,Naked & Famous,52130049-1,43881,84,2.192142857,available
Naked & Famous,Denim Jacket,Denim,Solid Black Selvedge,XL,Naked & Famous,52130049-1,43881,84,2.192142857,available
Club Fantasy,Wavy Tee,Black,Black,S,Club Fantasy,0,43905,25,0,available
Club Fantasy,Wavy Tee,Black,Black,M,Club Fantasy,0,43905,25,0,available
Club Fantasy,Wavy Tee,Black,Black,L,Club Fantasy,0,43905,25,0,available
Club Fantasy,Wavy Tee,Black,Black,XL,Club Fantasy,0,43905,25,0,available
Club Fantasy,Wavy Longsleeve Tee,Black,Black,S,Club Fantasy,0,43905,30,0,available
Club Fantasy,Wavy Longsleeve Tee,Black,Black,M,Club Fantasy,0,43905,30,0,available
Club Fantasy,Wavy Longsleeve Tee,Black,Black,L,Club Fantasy,0,43905,30,0,available
Club Fantasy,Wavy Longsleeve Tee,Black,Black,XL,Club Fantasy,0,43905,30,0,available
Club Fantasy,Wavy Hoodie,Black,Black,S,Club Fantasy,0,43905,56,0,available
Club Fantasy,Wavy Hoodie,Black,Black,M,Club Fantasy,0,43905,56,0,available
Club Fantasy,Wavy Hoodie,Black,Black,L,Club Fantasy,0,43905,56,0,available
Club Fantasy,Wavy Hoodie,Black,Black,XL,Club Fantasy,0,43905,56,0,available
Club Fantasy,Inner Light Tee,Black,Black,S,Club Fantasy,0,43905,25,0,available
Club Fantasy,Inner Light Tee,Black,Black,M,Club Fantasy,0,43905,25,0,available
Club Fantasy,Inner Light Tee,Black,Black,L,Club Fantasy,0,43905,25,0,available
Club Fantasy,Inner Light Tee,Black,Black,XL,Club Fantasy,0,43905,25,0,available
Club Fantasy,Inner Light Longsleeve Tee,Black,Black,S,Club Fantasy,0,43905,30,0,available
Club Fantasy,Inner Light Longsleeve Tee,Black,Black,M,Club Fantasy,0,43905,30,0,available
Club Fantasy,Inner Light Longsleeve Tee,Black,Black,L,Club Fantasy,0,43905,30,0,available
Club Fantasy,Inner Light Longsleeve Tee,Black,Black,XL,Club Fantasy,0,43905,30,0,available
Club Fantasy,Inner Light Sweatpants,Black,Black,S,Club Fantasy,0,43905,56,0,available
Club Fantasy,Inner Light Sweatpants,Black,Black,M,Club Fantasy,0,43905,56,0,available
Club Fantasy,Inner Light Sweatpants,Black,Black,L,Club Fantasy,0,43905,56,0,available
Club Fantasy,Inner Light Sweatpants,Black,Black,XL,Club Fantasy,0,43905,56,0,available
Club Fantasy,Rave Candy Longsleeve Tee,Black,Black,S,Club Fantasy,0,43905,30,0,available
Club Fantasy,Rave Candy Longsleeve Tee,Black,Black,M,Club Fantasy,0,43905,30,0,available
Club Fantasy,Rave Candy Longsleeve Tee,Black,Black,L,Club Fantasy,0,43905,30,0,available
Club Fantasy,Rave Candy Longsleeve Tee,Black,Black,XL,Club Fantasy,0,43905,30,0,available
Club Fantasy,Rave Candy Hoodie,Yellow,Yellow,S,Club Fantasy,0,43905,56,0,available
Club Fantasy,Rave Candy Hoodie,Yellow,Yellow,M,Club Fantasy,0,43905,56,0,available
Club Fantasy,Rave Candy Hoodie,Yellow,Yellow,L,Club Fantasy,0,43905,56,0,available
Club Fantasy,Rave Candy Hoodie,Yellow,Yellow,XL,Club Fantasy,0,43905,56,0,available
Club Fantasy,Flying Saucers Tee,White,White,S,Club Fantasy,0,43905,30,0,available
Club Fantasy,Flying Saucers Tee,White,White,M,Club Fantasy,0,43905,30,0,available
Club Fantasy,Flying Saucers Tee,White,White,L,Club Fantasy,0,43905,30,0,available
Club Fantasy,Flying Saucers Tee,White,White,XL,Club Fantasy,0,43905,30,0,available
Club Fantasy,Flying Saucers Longsleeve Tee,Black,Black,S,Club Fantasy,0,43905,30,0,available
Club Fantasy,Flying Saucers Longsleeve Tee,Black,Black,M,Club Fantasy,0,43905,30,0,available
Club Fantasy,Flying Saucers Longsleeve Tee,Black,Black,M,Club Fantasy,0,43905,30,0,available
Club Fantasy,Flying Saucers Longsleeve Tee,Black,Black,L,Club Fantasy,0,43905,30,0,available
Club Fantasy,Flying Saucers Longsleeve Tee,Black,Black,L,Club Fantasy,0,43905,30,0,available
Club Fantasy,Flying Saucers Longsleeve Tee,Black,Black,XL,Club Fantasy,0,43905,30,0,available
Club Fantasy,Elevate Tee,Blue,Blue Tie-Dye,S,Club Fantasy,0,43905,30,0,available
Club Fantasy,Elevate Tee,Blue,Blue Tie-Dye,M,Club Fantasy,0,43905,30,0,available
Club Fantasy,Elevate Tee,Blue,Blue Tie-Dye,L,Club Fantasy,0,43905,30,0,available
Club Fantasy,Elevate Tee,Blue,Blue Tie-Dye,XL,Club Fantasy,0,43905,30,0,available
Club Fantasy,Elevate Tee,White,White Tie-Dye,S,Club Fantasy,0,43905,30,0,available
Club Fantasy,Elevate Tee,White,White Tie-Dye,M,Club Fantasy,0,43905,30,0,available
Club Fantasy,Elevate Tee,White,White Tie-Dye,L,Club Fantasy,0,43905,30,0,available
Club Fantasy,Elevate Tee,White,White Tie-Dye,XL,Club Fantasy,0,43905,30,0,available
Club Fantasy,Elevate Hoodie,Blue,Blue Tie-Dye,S,Club Fantasy,0,43905,56,0,available
Club Fantasy,Elevate Hoodie,Blue,Blue Tie-Dye,M,Club Fantasy,0,43905,56,0,available
Club Fantasy,Elevate Hoodie,Blue,Blue Tie-Dye,M,Club Fantasy,0,43905,56,0,available
Club Fantasy,Elevate Hoodie,Blue,Blue Tie-Dye,L,Club Fantasy,0,43905,56,0,available
Club Fantasy,Elevate Hoodie,Blue,Blue Tie-Dye,L,Club Fantasy,0,43905,56,0,available
Club Fantasy,Elevate Hoodie,Blue,Blue Tie-Dye,XL,Club Fantasy,0,43905,56,0,available
Club Fantasy,Neo Logo Hoodie,Black,Black,S,Club Fantasy,0,43905,56,0,available
Club Fantasy,Neo Logo Hoodie,Black,Black,M,Club Fantasy,0,43905,56,0,available
Club Fantasy,Neo Logo Hoodie,Black,Black,L,Club Fantasy,0,43905,56,0,available
Club Fantasy,Neo Logo Hoodie,Black,Black,XL,Club Fantasy,0,43905,56,0,available
Club Fantasy,Neo Logo Hoodie,Pink,Pink,S,Club Fantasy,0,43905,56,0,available
Club Fantasy,Neo Logo Hoodie,Pink,Pink,M,Club Fantasy,0,43905,56,0,available
Club Fantasy,Neo Logo Hoodie,Pink,Pink,L,Club Fantasy,0,43905,56,0,available
Club Fantasy,Neo Logo Hoodie,Pink,Pink,XL,Club Fantasy,0,43905,56,0,available
Club Fantasy,Fantasy Tee,Black,Black,S,Club Fantasy,0,43905,25,0,available
Club Fantasy,Fantasy Tee,Black,Black,M,Club Fantasy,0,43905,25,0,available
Club Fantasy,Fantasy Tee,Black,Black,L,Club Fantasy,0,43905,25,0,available
Club Fantasy,Fantasy Tee,Black,Black,XL,Club Fantasy,0,43905,25,0,available
Club Fantasy,Fantasy Tee,Pink,Pastel Pink,S,Club Fantasy,0,43905,25,0,available
Club Fantasy,Fantasy Tee,Pink,Pastel Pink,M,Club Fantasy,0,43905,25,0,available
Club Fantasy,Fantasy Tee,Pink,Pastel Pink,L,Club Fantasy,0,43905,25,0,available
Club Fantasy,Fantasy Tee,Pink,Pastel Pink,XL,Club Fantasy,0,43905,25,0,available
Club Fantasy,Fantasy Hoodie,Black,Black,S,Club Fantasy,0,43905,56,0,available
Club Fantasy,Fantasy Hoodie,Black,Black,M,Club Fantasy,0,43905,56,0,available
Club Fantasy,Fantasy Hoodie,Black,Black,L,Club Fantasy,0,43905,56,0,available
Club Fantasy,Fantasy Hoodie,Black,Black,XL,Club Fantasy,0,43905,56,0,available
Club Fantasy,After Hours v2 Tee,Pink,Pastel Pink,S,Club Fantasy,0,43905,25,0,available
Club Fantasy,After Hours v2 Tee,Pink,Pastel Pink,M,Club Fantasy,0,43905,25,0,available
Club Fantasy,After Hours v2 Tee,Pink,Pastel Pink,L,Club Fantasy,0,43905,25,0,available
Club Fantasy,After Hours v2 Tee,Pink,Pastel Pink,XL,Club Fantasy,0,43905,25,0,available
Noah NYC,Corduroy Adjustable Work Pant,Beige,Fawn,S,Noah NYC,140357,44007,145.4444444,0,available
Noah NYC,Triple Stripe Top,Beige,Tan,M,Noah NYC,140357,44007,55.44444444,0,available
Noah NYC,Triple Stripe Top,Beige,Tan,L,Noah NYC,140357,44007,55.44444444,0,available
Noah NYC,Triple Stripe Top,Beige,Tan,XL,Noah NYC,140357,44007,55.44444444,0,available
Noah NYC,Rugby Chore Jacket,White,Multi,S,Noah NYC,140357,44007,165.4444444,0,available
Noah NYC,Pajama Top,Blue,Blue Stripe,XL,Noah NYC,140357,44007,135.4444444,0,available
Noah NYC,Watercolor Floral Shirt,White,White,M,Noah NYC,140357,44007,119.4444444,0,available
Noah NYC,Watercolor Floral Shirt,White,White,L,Noah NYC,140357,44007,119.4444444,0,offline
Noah NYC,Zip Work Shirt,Blue,Teal,L,Noah NYC,140357,44007,119.4444444,0,available
Ksubi,Drugs are Dumb Tee,Black,Black,L,Ksubi,1370144,44002,63,0,available
Ksubi,Drugs are Dumb Tee,Black,Black,XL,Ksubi,1370144,44002,63,0,available
Kith,Mercer 6 Ripstop Nylon Pants,Beige,Travertine,M,Kith,1212783,43903,191.43,10,available
Fear of God Essentials,S20 Short Sleeve Tee,Black,Black,S,PacSun,74590942,44013,80,0,available
Fear of God Essentials,S20 Short Sleeve Tee,Black,Black,S,PacSun,74590942,44013,80,0,available
Aalfric Eden,Summer Devil Print Shirt,Pink,Pink,S,Amazon,112-7757283-7896235,44007,27.99,0,available
Aalfric Eden,Summer Devil Print Shirt,Pink,Pink,M,Amazon,112-7757283-7896235,44007,27.99,0,available
Aalfric Eden,Summer Devil Print Shirt,Pink,Pink,L,Amazon,112-7757283-7896235,44007,27.99,0,available
Aalfric Eden,Summer Devil Print Shirt,Pink,Pink,XL,Amazon,112-7757283-7896235,44007,28.99,0,available
